species,trend,trendci,slope,slopeci
Abbott's Babbler,NA,NA,12.66709498,62.34651716
Aberrant Bush Warbler,NA,NA,10.24766534,82.0412682
Alexandrine Parakeet,56.1628863,37.64549606,5.956293792,4.647587467
Alpine Accentor,NA,NA,-0.686923724,21.49887145
Alpine Swift,-45.70556014,21.17921881,1.096719775,7.202856385
Alpine Thrush,NA,NA,NA,NA
Amur Falcon,NA,NA,-7.732161503,20.88379422
Andaman Bulbul,NA,NA,2.019573658,10.32895861
Andaman Coucal,NA,NA,-1.771721834,4.685872245
Andaman Crake,NA,NA,NA,NA
Andaman Cuckoo-Dove,NA,NA,NA,NA
Andaman Cuckooshrike,NA,NA,NA,NA
Andaman Drongo,NA,NA,-6.714177325,6.809421539
Andaman Flowerpecker,NA,NA,8.920415485,13.98307149
Andaman Green-Pigeon,NA,NA,-10.80852135,6.671923317
Andaman Serpent-Eagle,NA,NA,-4.675567493,9.933294333
Andaman Shama,NA,NA,0.790682011,13.94901402
Andaman Teal,NA,NA,NA,NA
Andaman Treepie,NA,NA,NA,NA
Andaman Wood-Pigeon,NA,NA,NA,NA
Andaman Woodpecker,NA,NA,NA,NA
Ashambu Laughingthrush,NA,NA,NA,NA
Ashy-crowned Sparrow-Lark,-51.18866339,10.36094847,-3.520003801,3.47615278
Ashy-throated Warbler,-31.09547627,64.80980631,-0.48618545,17.27344076
Ashy Bulbul,-11.18679788,57.94513746,-3.044712761,10.08654292
Ashy Drongo,1.323172778,23.36005244,-0.485761933,3.894489172
Ashy Prinia,104.724553,36.97606044,-0.145316788,2.810312853
Ashy Wood-Pigeon,NA,NA,NA,NA
Ashy Woodswallow,-38.52170478,17.0657218,-7.220120007,3.588032507
Asian Barred Owlet,23.69927607,44.8938528,-1.728656993,5.289283949
Asian Brown Flycatcher,-42.39733942,16.7245965,-2.108495152,4.436211058
Asian Emerald Dove,-27.48050935,22.72046814,-0.046356189,5.386903992
Asian Fairy-bluebird,-58.02308387,18.62102553,-1.038742401,7.762550111
Asian Koel,59.44938911,19.62903049,5.351202332,2.303397302
Asian Openbill,32.52576988,24.4560931,-7.738763185,2.392417057
Asian Palm-Swift,-18.33932933,18.63554757,2.871466204,4.322413252
Asian Pied Starling,38.94606623,29.90454133,1.624772155,3.912787865
Assam Laughingthrush,NA,NA,NA,NA
Baillon's Crake,NA,NA,17.67437004,27.42941447
Banasura Laughingthrush,NA,NA,NA,NA
Banded Bay Cuckoo,-59.50815228,16.23852325,8.709995512,9.049264429
Bank Myna,-25.8709133,21.88152617,-7.814607036,3.77693395
Bar-headed Goose,-13.39993978,217.658129,-6.935406704,38.94695007
Bar-tailed Godwit,NA,NA,-1.176960607,39.95972056
Bar-tailed Treecreeper,-7.331232124,61.91904329,-8.531680479,8.838387626
Bar-winged Flycatcher-shrike,-51.29295336,16.69167204,-1.323094378,5.655437953
Bar-winged Wren-Babbler,NA,NA,NA,NA
Barn Swallow,-16.29675137,12.14461822,-0.411234469,2.273816746
Barred Buttonquail,2.405307365,35.91368121,4.044543956,6.465455689
Barred Cuckoo-Dove,NA,NA,4.59796184,79.21033728
Bay-backed Shrike,-57.91721398,9.526385849,-4.456362145,3.3725862
Bay Woodpecker,NA,NA,-1.295130549,40.1795006
Baya Weaver,-2.094053284,18.96684769,-4.75586078,2.772646063
Bearded Vulture,-60.91853084,27.77862698,-10.40227169,8.718887824
Beautiful Nuthatch,NA,NA,NA,NA
Beautiful Sibia,NA,NA,NA,NA
Bengal Bushlark,NA,NA,-6.330312631,7.573982277
Bengal Florican,NA,NA,NA,NA
Bengal Weaver,NA,NA,-0.132127267,8.223533483
Besra,NA,NA,NA,NA
Bhutan Laughingthrush,NA,NA,-0.903326258,27.00646252
Black-and-orange Flycatcher,NA,NA,3.781338907,16.59666031
Black-and-yellow Grosbeak,NA,NA,NA,NA
Black-backed Dwarf-Kingfisher,NA,NA,17.71802679,63.29013395
Black-backed Forktail,NA,NA,-3.380284561,82.59661393
Black-bellied Plover,-86.79352913,17.30461316,-3.394827077,21.82077242
Black-bellied Tern,NA,NA,NA,NA
Black-breasted Parrotbill,NA,NA,NA,NA
Black-breasted Tit,NA,NA,-7.372588084,12.47848656
Black-browed Tit,NA,NA,NA,NA
Black-capped Kingfisher,-85.04942037,11.44001209,-5.751066239,11.2357104
Black-chinned Babbler,0.270438821,62.82152016,11.46463141,13.78390237
Black-chinned Yuhina,NA,NA,2.322196955,38.20735151
Black-crested Bulbul,7.606458543,50.87158314,5.37886762,9.815821845
Black-crowned Night-Heron,12.28367706,23.45939205,-0.726791642,3.045441564
Black-faced Warbler,NA,NA,3.813492508,16.38218754
Black-headed Bunting,NA,NA,20.7166663,20.43194599
Black-headed Cuckooshrike,-49.65610954,14.23629546,2.458081153,5.146203331
Black-headed Gull,-63.37632345,15.55894621,-4.83084673,6.419490969
Black-headed Ibis,79.9413855,37.09936718,-2.390016074,3.058738705
Black-headed Jay,-19.93604376,59.33520675,0.829627657,13.05801556
Black-headed Shrike-Babbler,NA,NA,NA,NA
Black-hooded Oriole,-18.11395713,20.90937688,0.505724865,4.471784075
Black-naped Monarch,-46.83718217,13.56922697,-0.015624841,4.332374067
Black-naped Oriole,-11.44077417,75.74350076,-2.345425781,14.00055123
Black-necked Crane,NA,NA,NA,NA
Black-necked Stork,-38.94509223,32.1054529,-12.51382175,5.339242177
Black-rumped Flameback,-12.88817005,14.56110161,4.623717174,3.249238187
Black-tailed Crake,NA,NA,NA,NA
Black-tailed Godwit,-44.18370983,19.96596261,-1.151502111,5.976397581
Black-throated Accentor,NA,NA,NA,NA
Black-throated Munia,NA,NA,-3.926319213,10.31928455
Black-throated Parrotbill,NA,NA,NA,NA
Black-throated Prinia,NA,NA,NA,NA
Black-throated Sunbird,NA,NA,7.326145396,19.84166023
Black-throated Tit,-23.45609687,40.13513541,-5.989720496,7.106993164
Black-winged Cuckooshrike,-31.48133975,73.13252927,10.66107421,25.92241497
Black-winged Kite,-34.65406947,10.13714129,-5.668566082,2.330659347
Black-winged Stilt,-14.0465435,17.85085428,0.228626129,3.696900402
Black Baza,NA,NA,-3.381683651,41.84854142
Black Bittern,6.121398125,43.81037061,-10.41318142,3.992347426
Black Bulbul,36.02880419,56.63981741,3.970115443,7.899466745
Black Drongo,32.16340602,13.50284134,-3.426519177,1.38977742
Black Eagle,-34.77155762,18.42239434,-5.389533661,3.873511517
Black Francolin,-33.7553836,28.38318131,0.058770379,7.849381662
Black Kite,6.697351208,14.98813224,-1.702474679,2.149477302
Black Redstart,-45.85947083,18.24742949,-4.180777023,5.371796296
Black Stork,-47.8973597,31.10862047,-12.29876614,6.952771671
Blackish-breasted Babbler,NA,NA,NA,NA
Blood Pheasant,NA,NA,NA,NA
Blue-bearded Bee-eater,6.208168665,41.71517027,-3.622123512,6.329342265
Blue-capped Redstart,NA,NA,8.132060988,24.57965881
Blue-capped Rock-Thrush,-37.30059666,27.10478312,-2.57091731,6.621949718
Blue-cheeked Bee-eater,NA,NA,-9.07774711,10.3449227
Blue-eared Barbet,NA,NA,3.107821759,35.5947809
Blue-eared Kingfisher,NA,NA,-6.78545383,12.01323994
Blue-faced Malkoha,-11.9525409,31.7035142,-4.772564119,5.173263075
Blue-fronted Redstart,-56.62693529,37.62766384,3.441997733,17.34443549
Blue-fronted Robin,NA,NA,NA,NA
Blue-naped Pitta,NA,NA,NA,NA
Blue-tailed Bee-eater,42.23280133,45.90749234,-2.625677105,5.001931656
Blue-throated Barbet,17.3194191,41.13823499,3.906237804,6.637213688
Blue-throated Flycatcher,-42.2105301,59.6574022,3.386826005,21.55420847
Blue-winged Laughingthrush,NA,NA,NA,NA
Blue-winged Minla,NA,NA,-2.104699687,19.33104878
Blue Rock-Thrush,-71.3722405,15.44103516,-6.090934502,8.449525563
Blue Whistling-Thrush,-8.69561559,32.61548628,0.604987052,6.491595254
Bluethroat,-30.78167807,31.34653464,1.554945665,8.274098858
Blyth's Leaf Warbler,-69.64782452,64.48761961,-11.73425445,25.68779707
Blyth's Pipit,NA,NA,10.06539777,18.4840869
Blyth's Reed Warbler,18.50057811,30.29982752,2.108742939,4.774623533
Blyth's Rosefinch,NA,NA,NA,NA
Blyth's Swift,NA,NA,NA,NA
Blyth's Tragopan,NA,NA,NA,NA
Bonelli's Eagle,8.297878192,33.13091486,-2.276499875,4.723743208
Booted Eagle,9.099565618,67.95930477,-4.980420631,9.2660437
Booted Warbler,-16.32459103,26.71989824,6.940539048,6.828270045
Brahminy Kite,-12.58078141,25.49133975,0.949423697,5.464278946
Brahminy Starling,-1.040680702,18.09527148,1.559534545,3.405909949
Bristled Grassbird,NA,NA,NA,NA
Broad-billed Sandpiper,NA,NA,-13.53667831,13.80105657
Broad-billed Warbler,NA,NA,2.61331217,24.78750513
Broad-tailed Grassbird,NA,NA,NA,NA
Bronze-winged Jacana,-1.339210733,23.88615638,-5.674597237,3.393998435
Bronzed Drongo,-34.76758449,20.45371861,-0.866997577,5.695706293
Brooks's Leaf Warbler,NA,NA,NA,NA
Brown-backed Needletail,-64.71277344,26.54512531,-10.70119918,8.759594994
Brown-breasted Flycatcher,-1.686934976,50.68880002,1.763224333,8.509056911
Brown-capped Laughingthrush,NA,NA,NA,NA
Brown-capped Woodpecker,-59.49180613,11.20019348,-3.948852906,4.411957904
Brown-cheeked Fulvetta,-76.99554369,7.860700743,3.485079283,6.973146736
Brown-fronted Woodpecker,-24.13674524,43.76662298,-3.958800118,8.840048722
Brown-headed Barbet,22.58227126,34.41195215,1.449826732,4.924466173
Brown-headed Gull,-73.38632935,17.11465089,-2.401167315,10.26349346
Brown Bullfinch,NA,NA,NA,NA
Brown Crake,-57.75015235,18.80309885,-3.528210799,6.65143355
Brown Dipper,-42.14941774,32.68571405,2.425294945,10.8667178
Brown Fish-Owl,-39.4953121,19.06232054,-6.708571276,4.126891682
Brown Hornbill,NA,NA,NA,NA
Brown Shrike,-31.65969458,21.40906528,-6.410456996,4.616742039
Brownish-flanked Bush Warbler,-27.72840202,56.25014364,-0.536129166,13.93054193
Buff-barred Warbler,-43.65439354,74.3890606,0.391026007,25.35866681
Buff-chested Babbler,NA,NA,NA,NA
Bugun Liocichla,NA,NA,NA,NA
Cachar Bulbul,NA,NA,NA,NA
Caspian Tern,-57.7250609,31.59993238,2.976273077,14.437333
Cattle Egret,16.73773102,12.33075759,-4.331993793,1.381322817
Cheer Pheasant,NA,NA,NA,NA
Chestnut-backed Laughingthrush,NA,NA,NA,NA
Chestnut-bellied Nuthatch,3.087149788,47.89802812,1.060121464,8.188035657
Chestnut-bellied Rock-Thrush,-5.066303714,51.23082677,-4.892961737,7.518567577
Chestnut-bellied Sandgrouse,-53.12742383,18.41535111,0.496267622,7.572007344
Chestnut-breasted Bunting,NA,NA,18.62570564,39.69076461
Chestnut-breasted Partridge,NA,NA,NA,NA
Chestnut-capped Babbler,NA,NA,10.68960969,83.39585442
Chestnut-crowned Laughingthrush,32.44907413,109.6504799,-10.04742183,10.12521639
Chestnut-crowned Warbler,NA,NA,3.99812607,41.10371313
Chestnut-headed Bee-eater,-19.39933587,31.46802448,-3.820858904,6.105653932
Chestnut-headed Tesia,-31.57070146,67.19636026,-9.023416354,12.21179651
Chestnut-shouldered Petronia,-37.02123581,14.77768791,-2.734828436,3.637818548
Chestnut-tailed Minla,-27.43037455,50.85146196,-9.426012661,8.756235786
Chestnut-tailed Starling,12.55993901,28.94308653,-0.38668032,4.437650692
Chestnut Munia,NA,NA,NA,NA
Chevron-breasted Babbler,NA,NA,NA,NA
Chinese Rubythroat,NA,NA,NA,NA
Chukar,NA,NA,1.917010849,18.49919171
Cinereous Tit,-13.0936518,20.06921321,1.706121298,4.1298526
Cinereous Vulture,NA,NA,-12.41534485,10.97123857
Cinnamon Bittern,-67.06191591,10.88144922,-11.23180829,3.885776179
Citrine Wagtail,-12.86838768,39.07003131,2.163632754,8.305083834
Clamorous Reed Warbler,0.741124793,30.59477356,4.98134492,5.908983672
Coal Tit,-35.20309572,51.7830367,-3.306130498,13.41413546
Collared Falconet,NA,NA,NA,NA
Collared Grosbeak,NA,NA,NA,NA
Collared Kingfisher,NA,NA,1.078873102,20.29938782
Collared Owlet,39.32754803,96.0620439,-7.4732403,8.945473173
Collared Treepie,NA,NA,0.990577479,22.09362056
Common Babbler,-39.03074864,16.11142172,0.961953434,4.680375458
Common Buzzard,NA,NA,-9.023304139,9.671016071
Common Chiffchaff,-35.32101141,22.19863846,1.787754361,6.2778647
Common Crane,-72.85383506,14.20419923,-4.236652788,8.798499982
Common Cuckoo,-63.78587332,16.72214051,-8.626514072,5.942571717
Common Flameback,NA,NA,NA,NA
Common Green-Magpie,-8.765933436,61.70888958,2.720704837,12.80988412
Common Greenshank,-62.2191587,9.256458536,-5.274410085,3.800074894
Common Hawk-Cuckoo,-36.28824685,10.23995078,-3.390163204,2.465088921
Common Hill Myna,-5.83403308,51.62365937,-2.109507144,9.281401942
Common Iora,-39.49112163,9.305575935,-3.801464416,2.402515748
Common Kingfisher,-18.82494164,10.88631526,-8.580589057,1.663875769
Common Merganser,NA,NA,-6.314109972,25.43057531
Common Myna,11.36963944,8.864241486,0.337489194,1.297471035
Common Pochard,-62.9743729,19.33168063,-2.838886152,8.528236833
Common Raven,NA,NA,-9.13648496,8.533702451
Common Redshank,-62.14481726,12.2470759,-5.074206417,4.854759557
Common Rosefinch,-23.23421205,33.7514851,1.042418144,7.874055218
Common Sandpiper,-39.98326693,10.3690344,-6.073131186,2.43857761
Common Snipe,-43.24536069,19.21491145,-0.548039983,5.580036331
Common Tailorbird,13.41514545,10.9918569,2.816923911,1.703926843
Common Tern,NA,NA,0.814251398,16.86703824
Common Woodshrike,-62.09537316,6.985131797,-5.850823067,2.669499732
Coppersmith Barbet,4.22387091,15.51267498,3.135495535,2.845227814
Cotton Pygmy-Goose,-59.55395467,9.45142338,-8.044061151,3.158942744
Crested Bunting,-62.53565476,18.24747338,-12.40644879,5.35015162
Crested Goshawk,-27.35585604,33.5932771,-3.299544417,7.198511259
Crested Hawk-Eagle,-37.68368559,16.63410636,-5.710998462,3.844516876
Crested Kingfisher,-16.83457035,42.93306609,-7.343443719,6.694933023
Crested Lark,-61.47143421,12.94774312,-1.626588818,5.721749749
Crested Serpent-Eagle,-21.21822996,16.32590491,-6.35852378,2.877689431
Crested Treeswift,-75.31941272,7.45282467,-9.359277819,3.794494455
Crimson-backed Sunbird,-80.28843063,10.92549614,-1.174302828,9.664401488
Crimson-browed Finch,NA,NA,NA,NA
Crimson Sunbird,33.79028108,54.98444862,-4.768788503,5.754954369
Curlew Sandpiper,-87.61995944,8.658632845,-8.046671381,9.703465739
Dalmatian Pelican,NA,NA,0.598252616,21.95352657
Darjeeling Woodpecker,NA,NA,NA,NA
Dark-breasted Rosefinch,NA,NA,0.024479567,18.93570259
Dark-fronted Babbler,-79.21482856,12.57116823,-6.669331863,8.677173135
Dark-rumped Swift,NA,NA,NA,NA
Dark-sided Flycatcher,-22.46769737,70.56724545,1.169565422,16.04053085
Dark-sided Thrush,NA,NA,NA,NA
Demoiselle Crane,NA,NA,-1.358290574,21.54739176
Desert Wheatear,-58.36333776,48.80368261,-2.263256296,19.33248622
Dollarbird,-5.986502079,69.24483887,-7.043130593,9.972007129
Dunlin,-79.19666008,17.42834142,-6.967359543,12.36216871
Dusky Crag-Martin,-24.61751927,17.41762407,8.154399505,5.333940767
Dusky Eagle-Owl,NA,NA,NA,NA
Dusky Warbler,NA,NA,9.27836963,16.38689438
Eastern Orphean Warbler,NA,NA,-5.478456811,23.26728173
Egyptian Vulture,-59.47846515,13.98475665,-8.848753092,4.661160142
Eurasian Collared-Dove,-6.987613329,16.14644418,2.74143269,3.23399411
Eurasian Coot,12.61875931,21.70424175,-6.621203106,2.403853538
Eurasian Crag-Martin,-77.48642666,22.6217462,-3.396843949,16.34490331
Eurasian Curlew,-76.99343466,12.42943907,0.460939282,9.590240588
Eurasian Griffon,-76.46395719,20.58642105,-10.54752658,10.43915268
Eurasian Hobby,NA,NA,-1.833436675,54.62279801
Eurasian Hoopoe,-41.05028181,9.132532738,-2.064437068,2.538327595
Eurasian Jay,NA,NA,-2.848828864,12.82092679
Eurasian Kestrel,-56.70325273,9.240564138,-12.89831001,2.276498045
Eurasian Marsh-Harrier,-40.9005392,20.69352449,-5.724537774,5.121084485
Eurasian Moorhen,41.43843061,31.12719469,-0.358483044,3.732878581
Eurasian Oystercatcher,NA,NA,-0.644783426,43.6197795
Eurasian Sparrowhawk,-69.56762929,30.14678836,-7.242140777,13.52590297
Eurasian Spoonbill,-14.88432189,26.8002401,-4.074032077,4.898716693
Eurasian Tree Sparrow,-45.48516453,33.76323736,0.147254194,11.11669234
Eurasian Wigeon,-57.07132709,121.5436449,-4.11316285,46.43318578
Eurasian Wren,NA,NA,-9.787500053,14.25575779
Eurasian Wryneck,-43.45489863,97.28294025,0.544771333,29.89042529
European Goldfinch,NA,NA,0.02283289,19.67281554
European Roller,NA,NA,4.469713738,16.7993913
European Starling,-64.67037916,36.52981125,-14.33702924,11.04055659
Ferruginous Duck,-19.25607325,41.87710784,32.96887622,18.96233947
Fire-breasted Flowerpecker,-26.12310346,45.01263384,8.669461104,13.11482753
Fire-capped Tit,NA,NA,NA,NA
Fire-fronted Serin,NA,NA,12.9467745,23.32488215
Fire-tailed Myzornis,NA,NA,16.62535048,29.11085475
Fire-tailed Sunbird,NA,NA,6.1331163,39.64992292
Flame-throated Bulbul,-68.55671928,21.30610616,-4.734062338,9.921374657
Forest Owlet,NA,NA,NA,NA
Forest Wagtail,-72.56130321,12.69065379,-9.759364934,5.620321563
Fork-tailed Drongo-Cuckoo,NA,NA,-5.539844683,16.88362185
Fulvous-breasted Woodpecker,26.26490684,49.57507555,-3.483618927,5.534690493
Fulvous Whistling-Duck,NA,NA,-1.873457577,11.42140106
Gadwall,-12.3750217,38.54178502,1.192060619,8.119405109
Garganey,-35.75719024,18.62401528,1.527143661,5.195318715
Glossy Ibis,139.6263729,62.76074263,-0.151710215,4.109886309
Gold-naped Finch,NA,NA,20.5257631,32.99645918
Golden-fronted Leafbird,-37.61172487,17.5028028,-4.898731356,4.174468686
Golden-headed Cisticola,NA,NA,NA,NA
Golden-spectacled Warbler,NA,NA,NA,NA
Golden-throated Barbet,NA,NA,-15.39197066,8.643439158
Golden Babbler,NA,NA,-9.097054902,15.99648965
Golden Bush-Robin,NA,NA,-0.02137032,48.15747927
Golden Eagle,NA,NA,-13.57433927,9.643915034
Gould's Shortwing,NA,NA,NA,NA
Gould's Sunbird,NA,NA,-2.060013637,24.62293564
Graceful Prinia,NA,NA,14.34467183,13.20164898
Grandala,NA,NA,NA,NA
Gray-backed Shrike,-51.33327238,39.92195932,3.923518703,16.52791016
Gray-bellied Cuckoo,-12.79359933,26.08273421,3.672918435,5.74051496
Gray-bellied Tesia,NA,NA,-10.3477802,26.74908316
Gray-breasted Prinia,-37.54196748,12.75514916,-1.498210736,3.413342175
Gray-capped Woodpecker,-30.04512664,33.68294397,-7.678938923,6.143850857
Gray-cheeked Warbler,NA,NA,-0.441044799,56.64402927
Gray-crested Tit,NA,NA,3.816189611,25.74946595
Gray-crowned Prinia,NA,NA,NA,NA
Gray-fronted Green-Pigeon,-50.77077559,28.17481513,-5.874891634,8.639125326
Gray-headed Bulbul,NA,NA,-3.63227826,10.37662978
Gray-headed Canary-Flycatcher,-47.1326582,16.31990771,-7.08680302,4.584036987
Gray-headed Fish-Eagle,3.601649477,140.6732331,-4.955942185,20.99321619
Gray-headed Lapwing,10.08803466,109.4286903,-11.0196283,11.2531526
Gray-headed Swamphen,35.24743011,27.97323976,-10.74145948,2.244343965
Gray-headed Woodpecker,15.9589182,52.26477973,6.742747529,9.270391625
Gray-hooded Warbler,-14.5616037,42.579673,-5.354719124,7.317013963
Gray-necked Bunting,NA,NA,-1.535670762,33.68062333
Gray-sided Bush Warbler,NA,NA,-11.89588768,22.35467003
Gray-sided Laughingthrush,-77.77412732,20.22675232,-16.15015441,8.0705595
Gray-throated Martin,-36.58661678,22.76202813,2.998674503,6.989829189
Gray-winged Blackbird,-33.60963755,39.54641891,-0.412183236,10.60410899
Gray Bushchat,9.787798051,53.40723499,-6.418910809,6.945512825
Gray Francolin,5.400299688,19.23573223,2.439642514,3.504586328
Gray Heron,-9.354290319,15.16433019,-3.562939567,2.625310883
Gray Junglefowl,-30.62848032,25.89262804,-4.900933205,5.484785466
Gray Sibia,NA,NA,NA,NA
Gray Treepie,72.72612973,73.39778396,15.6299523,10.95557029
Gray Wagtail,-36.30106648,13.3801984,-3.532265036,3.175747455
Graylag Goose,-38.40276243,34.9438426,-3.091665089,8.853505483
Great Barbet,33.86266869,53.8885113,2.225722057,7.059983282
Great Cormorant,-3.24826992,21.51818425,-0.76269856,3.658777858
Great Crested Grebe,-59.12065219,49.04832431,5.297641547,25.78670738
Great Crested Tern,NA,NA,24.16049359,20.41906532
Great Egret,-10.59793757,13.25242927,-6.553737746,1.963235871
Great Gray Shrike,-84.45900937,6.471064845,-7.896987162,5.881090975
Great Hornbill,-35.39455532,32.65566059,-7.424880556,6.744957744
Great Knot,NA,NA,NA,NA
Great Myna,NA,NA,-4.431107902,29.14772906
Great Slaty Woodpecker,NA,NA,NA,NA
Great Thick-knee,-55.22955143,19.85356391,-3.538432373,6.557910097
Great White Pelican,31.63538206,129.457216,-2.545858082,19.02224834
Greater Adjutant,NA,NA,NA,NA
Greater Coucal,40.07506372,15.71841743,3.842442152,2.047797703
Greater Flameback,-40.24730447,17.67099638,1.830529549,5.421678077
Greater Flamingo,53.96681644,72.43178077,-2.994858251,8.542224749
Greater Necklaced Laughingthrush,NA,NA,1.792791556,29.20423502
Greater Painted-Snipe,-51.73690013,15.20082454,-3.300841949,4.77556337
Greater Racket-tailed Drongo,-47.26180169,16.97490045,-2.728179464,5.302442756
Greater Sand-Plover,NA,NA,-9.264966895,9.733136917
Greater Short-toed Lark,-41.48048751,173.2092345,191.1569978,400.8028466
Greater Spotted Eagle,33.31541375,72.53401605,-4.154125314,7.495376155
Greater Yellownape,30.93724674,73.93175632,5.360032038,11.46690063
Green-backed Tit,-28.64551794,38.66796285,-3.71417152,8.368318529
Green-billed Malkoha,24.32694829,71.69390171,4.507549263,11.96451364
Green-tailed Sunbird,4.531209072,67.51914981,-3.550617791,9.474303833
Green-winged Teal,-40.39827925,37.76760026,3.939791178,12.27310964
Green Avadavat,NA,NA,NA,NA
Green Bee-eater,-1.044448723,11.78598594,-3.281734266,1.73394492
Green Imperial-Pigeon,4.059892703,51.05514897,-7.664258235,6.761703659
Green Sandpiper,-49.55312431,10.570625,-1.487761632,3.550312624
Green Shrike-Babbler,NA,NA,1.190424929,32.88638092
Green Warbler,NA,NA,NA,NA
Greenish Warbler,-44.81792157,15.11580155,2.745776909,5.350475179
Gull-billed Tern,-69.13008322,13.9472054,3.030199859,8.555493467
Hair-crested Drongo,-30.69997194,32.80728459,0.598316282,8.677328478
Heart-spotted Woodpecker,-66.51954423,15.50575625,-10.68319617,5.59745888
Hill Partridge,NA,NA,-9.340759913,8.42867865
Hill Pigeon,NA,NA,7.906699008,23.07015522
Hill Swallow,NA,NA,-2.422009275,11.03379883
Himalayan Accentor,NA,NA,NA,NA
Himalayan Black-lored Tit,4.79647823,81.61191713,-8.319278531,9.700879487
Himalayan Bluetail,-27.39975314,54.72119463,8.399799631,16.89779283
Himalayan Bulbul,90.16311035,103.2985543,2.915899751,10.40451832
Himalayan Buzzard,-49.55070776,41.30163491,3.191384859,16.56504351
Himalayan Cuckoo,NA,NA,-9.057814296,7.264461964
Himalayan Cutia,NA,NA,NA,NA
Himalayan Flameback,-66.81962626,27.06574886,1.131575153,14.65216079
Himalayan Griffon,-33.94470556,39.94141599,-4.235911347,9.121591124
Himalayan Monal,NA,NA,6.598082481,28.70816331
Himalayan Quail,NA,NA,NA,NA
Himalayan Rubythroat,NA,NA,29.8168143,97.59467106
Himalayan Shrike-Babbler,NA,NA,NA,NA
Himalayan Snowcock,NA,NA,NA,NA
Himalayan Swiftlet,-77.52145134,14.02311279,-8.817329114,8.671488289
Himalayan White-browed Rosefinch,NA,NA,NA,NA
Himalayan Woodpecker,-33.81415518,49.56865199,-9.044237782,9.326814908
Hoary-throated Barwing,NA,NA,-8.909903483,12.6964284
Hodgson's Treecreeper,NA,NA,NA,NA
House Crow,47.10004882,16.02930428,1.399722431,1.852094692
House Sparrow,2.813297667,11.93522934,-2.029331313,1.785627852
Hume's Bush Warbler,NA,NA,NA,NA
Hume's Warbler,-8.630774318,41.16883047,17.06511895,12.29511521
Immaculate Cupwing,NA,NA,NA,NA
Imperial Eagle,NA,NA,-0.228110326,16.73442253
Indian Blackbird,-26.2681739,35.88135646,5.85623405,10.85077509
Indian Blue Robin,-62.3992475,37.69014403,3.372753985,20.55477987
Indian Bushlark,-33.85851447,17.88487945,-3.418607673,4.210042743
Indian Bustard,NA,NA,NA,NA
Indian Chat,4.446751539,28.54063363,11.66641768,6.581857068
Indian Cormorant,67.97484475,30.41054936,-6.198578597,2.19386578
Indian Courser,-62.50338327,14.82238958,-11.888752,4.463637451
Indian Cuckoo,-56.77903707,21.81769905,-10.15563347,6.182120599
Indian Golden Oriole,-9.529976065,15.09588133,-3.578857365,2.565417534
Indian Grassbird,NA,NA,NA,NA
Indian Gray Hornbill,40.40625153,30.43303013,-1.033878404,3.562835631
Indian Nuthatch,-74.24564083,13.09212978,-8.315454476,6.576888973
Indian Paradise-Flycatcher,-20.21237359,16.65745195,-1.925789293,3.380350195
Indian Peafowl,101.8389785,37.45897647,4.871712392,3.557322358
Indian Pitta,-33.13807556,30.09383652,3.18673574,8.650379268
Indian Pond-Heron,-4.998490377,10.5741962,-4.189560677,1.578919057
Indian Robin,-7.235416524,14.50792253,-1.784679482,2.586975014
Indian Roller,-28.45428933,10.13656156,-6.414231469,1.924890527
Indian Scimitar-Babbler,-56.31445623,15.74752984,-2.204202499,6.047962148
Indian Silverbill,7.649831562,21.87183089,2.071793093,3.788584086
Indian Skimmer,NA,NA,NA,NA
Indian Spot-billed Duck,24.77675579,24.33781351,-4.096019777,2.695449405
Indian Spotted Creeper,NA,NA,NA,NA
Indian Spotted Eagle,12.89562981,41.42374891,-5.339640052,4.787950692
Indian Swiftlet,-24.61004036,45.17219007,-3.229720841,8.801444141
Indian Thick-knee,-62.12811271,10.76480706,-4.4782304,4.480302776
Indian Vulture,-90.09340134,4.260556302,-10.35223147,5.655421615
Indian Yellow Tit,-42.88841375,20.04605539,-5.352296481,4.840424626
Intermediate Egret,-12.82399479,11.66814412,-8.65001,1.619489916
Isabelline Shrike,-38.22737649,65.16362579,0.845989674,18.92938541
Isabelline Wheatear,NA,NA,2.685123895,13.39044434
Jerdon's Babbler,NA,NA,NA,NA
Jerdon's Baza,NA,NA,NA,NA
Jerdon's Bushlark,-13.32721141,37.23661061,-1.051052065,7.308364056
Jerdon's Courser,NA,NA,NA,NA
Jerdon's Leafbird,-46.7842101,14.96277822,-1.748466475,4.670109
Jungle Babbler,-1.596182532,15.66492612,-1.911481664,2.629163261
Jungle Bush-Quail,-53.48825391,13.820081,-5.935305112,4.206338195
Jungle Myna,38.82763901,33.41728792,-5.915023992,3.26624506
Jungle Owlet,-9.383661488,25.57982395,0.845206755,4.98765485
Jungle Prinia,-36.85662701,18.87721054,-1.559891357,4.948300718
Kalij Pheasant,45.68997916,67.66912593,2.369533744,8.845250761
Kashmir Flycatcher,NA,NA,NA,NA
Kashmir Nutcracker,NA,NA,NA,NA
Kashmir Nuthatch,NA,NA,NA,NA
Kentish Plover,-65.98916076,11.6767108,-5.383067833,5.248137468
Knob-billed Duck,1.291713172,31.15429634,-6.018773577,4.432596981
Koklass Pheasant,NA,NA,NA,NA
Laggar Falcon,NA,NA,7.316945678,37.68668542
Large-billed Crow,4.778673426,12.05023417,2.366035562,2.179039733
Large-billed Leaf Warbler,-89.45766778,37.43067081,-7.836144327,54.51039883
Large Blue Flycatcher,NA,NA,NA,NA
Large Cuckooshrike,-64.73057534,8.478952192,-4.786709582,3.662027004
Large Gray Babbler,-29.67141311,17.2093723,-1.899093304,4.051319776
Large Hawk-Cuckoo,-42.61104656,60.72994695,-3.080037978,16.32324657
Large Niltava,NA,NA,0.477650743,22.54025267
Large Woodshrike,-7.675063883,79.32312435,2.69426347,17.35063571
Laughing Dove,8.498243531,18.69151132,-1.270795273,2.904130447
Legge's Hawk-Eagle,NA,NA,NA,NA
Lesser Adjutant,-25.14794291,43.98710828,-1.506219105,10.12643504
Lesser Black-backed Gull,-44.28148698,47.89903865,4.353349653,17.55396924
Lesser Coucal,NA,NA,16.40590228,19.78320129
Lesser Crested Tern,NA,NA,11.64265251,49.87839382
Lesser Cuckoo,NA,NA,-17.9638933,12.02983291
Lesser Fish-Eagle,NA,NA,-7.869310516,7.672659004
Lesser Flamingo,NA,NA,-2.229507556,19.75332545
Lesser Florican,NA,NA,NA,NA
Lesser Necklaced Laughingthrush,NA,NA,8.956481013,47.17930675
Lesser Racket-tailed Drongo,-23.26100637,53.90790411,-8.686208207,9.06897529
Lesser Sand-Plover,-72.47281169,15.72988343,-6.289249509,8.202349994
Lesser Shortwing,NA,NA,-4.053629806,63.41544601
Lesser Whistling-Duck,4.607644743,19.49676762,-3.907999145,2.727739793
Lesser Whitethroat,-47.62221425,30.29752188,2.738840171,11.44677423
Lesser Yellownape,-17.55239079,27.56304407,2.350334949,5.881907276
Lineated Barbet,-18.02373508,33.12086443,-2.601055413,6.386004053
Little Cormorant,23.85712965,15.38633414,-6.127145668,1.598169775
Little Egret,-22.44374419,9.255148434,-6.978720739,1.559314352
Little Forktail,-29.8045674,47.72777142,-3.567316613,10.66442279
Little Grebe,-15.38719324,14.54067571,-7.347690277,2.203448062
Little Pied Flycatcher,-52.53912921,34.52739314,-1.745388878,12.28710092
Little Ringed Plover,-57.31160337,8.318309031,-4.959005113,2.798537653
Little Spiderhunter,-74.14876482,11.38743733,-5.311928638,6.430967979
Little Stint,-67.36791324,10.2056366,-2.679510747,5.095348296
Little Swift,-45.24231816,8.3424056,6.187451223,3.179564718
Little Tern,-75.35596569,17.37926367,-5.856295049,10.37779616
Long-billed Pipit,NA,NA,-4.312168346,10.39320267
Long-billed Sunbird,-33.81109825,23.80917809,0.806750697,6.454917937
Long-billed Thrush,NA,NA,-4.537687233,42.60738519
Long-billed Wren-Babbler,NA,NA,NA,NA
Long-legged Buzzard,-23.58337283,53.11674335,-5.242728262,11.05639698
Long-tailed Broadbill,NA,NA,7.396882336,22.19784538
Long-tailed Minivet,-29.06134721,29.83293922,-7.208799438,5.775664912
Long-tailed Parakeet,NA,NA,14.59217371,13.44410302
Long-tailed Shrike,-18.26349381,14.37456414,-6.008107229,2.46569706
Long-tailed Thrush,NA,NA,NA,NA
Long-tailed Wren-Babbler,NA,NA,NA,NA
Ludlow's Fulvetta,NA,NA,-4.027132228,22.63675638
Malabar Barbet,-62.16795927,24.05287825,-8.058461882,8.648847646
Malabar Gray Hornbill,-66.78326392,23.10397681,-3.341754152,10.71294904
Malabar Lark,-59.79905255,26.14552239,-10.02487759,8.207942202
Malabar Parakeet,-57.99442386,27.36691014,-5.416297935,9.609913019
Malabar Pied-Hornbill,3.789738203,66.27631986,-10.14947476,7.668264362
Malabar Starling,NA,NA,1.664837768,10.51662095
Malabar Trogon,-57.84255545,23.60269813,-7.198178315,7.539709631
Malabar Whistling-Thrush,-48.20029088,25.7224061,-5.803643871,7.183377901
Malabar Woodshrike,-68.91143391,14.70720541,-3.956485201,7.296563652
Malayan Night-Heron,NA,NA,NA,NA
Mallard,-44.57073109,42.64031532,6.396903819,17.80045445
Manipur Bush-Quail,NA,NA,NA,NA
Maroon-backed Accentor,NA,NA,NA,NA
Maroon Oriole,20.53133052,55.2766339,-1.010921754,7.377783907
Marsh Babbler,NA,NA,NA,NA
Marsh Sandpiper,-57.96042004,16.08451885,-3.567096226,5.832784956
Mistle Thrush,NA,NA,-9.347262337,11.4396283
Montagu's Harrier,-63.15940041,24.10009853,-5.688342318,9.925466903
Mountain Bamboo-Partridge,NA,NA,NA,NA
Mountain Bulbul,NA,NA,1.795496442,19.17922834
Mountain Chiffchaff,NA,NA,NA,NA
Mountain Hawk-Eagle,-26.97082894,45.91855687,-5.451320551,8.709653848
Mountain Imperial-Pigeon,-73.06526888,10.21542992,4.027019187,7.694353387
Mountain Tailorbird,NA,NA,0.493196259,51.32509016
Moustached Laughingthrush,NA,NA,NA,NA
Narcondam Hornbill,NA,NA,NA,NA
Nepal Fulvetta,NA,NA,-0.795396514,36.19353184
Nepal House-Martin,NA,NA,-9.039444435,23.99171014
Nicobar Bulbul,NA,NA,NA,NA
Nicobar Imperial-Pigeon,NA,NA,NA,NA
Nicobar Jungle-Flycatcher,NA,NA,NA,NA
Nicobar Parakeet,NA,NA,NA,NA
Nicobar Scrubfowl,NA,NA,NA,NA
Nicobar Serpent-Eagle,NA,NA,NA,NA
Nicobar Sparrowhawk,NA,NA,NA,NA
Nilgiri Flowerpecker,-67.82056433,19.82623664,4.68541548,12.81463751
Nilgiri Flycatcher,NA,NA,NA,NA
Nilgiri Laughingthrush,-59.0495516,77.60475186,18.84527363,54.57777977
Nilgiri Pipit,2.19827414,208.8238572,-23.03595377,6.482289565
Nilgiri Sholakili,NA,NA,19.18696837,62.45101188
Nilgiri Thrush,NA,NA,-15.45184402,9.412935891
Nilgiri Wood-Pigeon,-28.55191043,42.45681185,10.63496428,13.91251874
Northern Lapwing,NA,NA,6.018265734,20.6330695
Northern Pintail,-55.81633167,52.99360187,-5.001384023,18.75879961
Northern Shoveler,-27.91852757,23.25810208,0.209888173,5.818148836
Olive-backed Pipit,-69.79568137,29.27253185,-5.444031669,14.80326066
Orange-bellied Leafbird,-6.170923942,83.91921503,5.057272265,18.83670028
Orange-breasted Pigeon,NA,NA,-8.128651314,9.584735876
Orange-headed Thrush,-51.76472905,14.03924808,-1.320637491,4.843894612
Orange Bullfinch,NA,NA,NA,NA
Orange Minivet,-49.88309982,25.09801452,-7.23357907,6.656743177
Oriental Darter,18.48815919,26.65879346,-5.577107524,2.984534752
Oriental Honey-buzzard,-2.180895733,16.57643826,-5.201406844,2.286596466
Oriental Magpie-Robin,30.35076671,14.6840335,0.497306689,1.884077019
Oriental Pied-Hornbill,22.20825724,68.60082928,-0.06050898,9.686660288
Oriental Pratincole,NA,NA,-10.72562148,14.51577774
Oriental Skylark,-61.11221696,9.842548463,0.330423726,4.55601645
Oriental Turtle-Dove,-26.19400722,24.25526009,1.6027475,6.151821276
Oriental White-eye,-9.087128397,15.90922711,1.291675775,3.124869108
Osprey,-48.43709293,25.93762476,-4.798083345,7.715716815
Pacific Golden-Plover,-88.46129839,5.844151486,-11.17859498,5.952840035
Paddyfield Pipit,-6.39552467,14.26151616,3.688840041,2.844598155
Paddyfield Warbler,-29.75321848,42.9331597,7.421891509,13.40078375
Painted Bush-Quail,NA,NA,NA,NA
Painted Francolin,NA,NA,2.635999335,9.237209365
Painted Sandgrouse,NA,NA,-5.542543432,10.87771296
Painted Spurfowl,-33.30049102,35.73894994,-8.903820048,6.831268099
Painted Stork,42.05512916,33.17113706,-3.26892361,3.671747588
Palani Laughingthrush,114.9472089,368.877213,-5.957507914,17.42523183
Pale-backed Pigeon,NA,NA,NA,NA
Pale-billed Flowerpecker,12.08112344,24.03383725,8.226274537,4.555680898
Pale-billed Parrotbill,NA,NA,NA,NA
Pale-capped Pigeon,NA,NA,NA,NA
Pale-chinned Blue Flycatcher,NA,NA,2.266652197,23.858653
Pale-footed Bush Warbler,NA,NA,NA,NA
Pale-headed Woodpecker,NA,NA,NA,NA
Pale-rumped Warbler,-60.02265941,29.02770893,-4.832879672,11.88444213
Pallas's Fish-Eagle,-70.64670494,63.63466256,-4.046346607,34.36415769
Pallas's Gull,-41.98512401,46.74527188,-6.308954193,11.61119707
Pallid Harrier,-77.31788692,27.53996613,-9.047079881,16.35620503
Peregrine Falcon,-34.97001647,20.50587343,-3.601641746,4.760136232
Pheasant-tailed Jacana,-41.66954482,13.18370548,-0.664633354,4.000245189
Pied Avocet,-26.5507111,37.01520453,-8.845955401,7.322066458
Pied Bushchat,11.3577061,20.08672896,-3.01324175,2.913400751
Pied Cuckoo,-39.22961137,15.35572441,-2.224564543,4.034249144
Pied Kingfisher,-43.87057888,9.732520454,-9.957804425,2.001759844
Pied Thrush,NA,NA,NA,NA
Pin-striped Tit-Babbler,-6.306128614,67.51649724,5.32164015,15.77156633
Pin-tailed Pigeon,NA,NA,-1.101542182,41.97154912
Pin-tailed Snipe,-66.00270268,22.67929421,-6.091148445,9.058830632
Pink-browed Rosefinch,NA,NA,-3.982094547,17.49664678
Plain Flowerpecker,NA,NA,9.236816605,43.33651795
Plain Mountain-Finch,-48.17833087,43.563703,7.839965893,19.70540175
Plain Prinia,120.8159324,37.74891315,-0.68162762,2.627470565
Plaintive Cuckoo,NA,NA,-11.69630989,13.2901283
Plum-headed Parakeet,-30.53208817,14.32287325,-0.416864622,3.761865248
Plumbeous Redstart,-25.04094788,32.08563941,-9.494253813,5.118108279
Plume-toed Swiftlet,NA,NA,-3.440960086,4.09763909
Puff-throated Babbler,-57.7801389,11.53259681,-3.810955333,4.152618545
Purple-rumped Sunbird,20.33516131,20.44718243,1.504020332,2.945413779
Purple Cochoa,NA,NA,NA,NA
Purple Heron,21.12197557,21.17359818,-7.997018955,2.114084203
Purple Sunbird,30.33169203,15.08635309,0.349392735,1.91593325
Pygmy Cupwing,NA,NA,6.113539934,32.45113573
Pygmy Flycatcher,NA,NA,NA,NA
Rain Quail,-66.56176947,16.32191523,33.33069824,19.60986484
Red-billed Blue-Magpie,-18.19179106,52.68772556,-0.286384651,10.81676905
Red-billed Chough,-47.70244857,42.30139916,6.370887407,18.49508416
Red-billed Leiothrix,70.02356532,130.5562875,-3.387208923,11.20553404
Red-breasted Flycatcher,-28.1023891,24.68786799,-4.365819942,5.384234384
Red-breasted Parakeet,18.41731344,84.42630515,-5.078910279,10.50433862
Red-crested Pochard,-22.17036303,35.10169302,0.690349914,8.082001952
Red-faced Liocichla,NA,NA,8.828154243,84.65624215
Red-headed Bullfinch,NA,NA,NA,NA
Red-headed Bunting,NA,NA,5.105035155,19.76406781
Red-headed Trogon,NA,NA,-2.091709269,36.29176226
Red-headed Vulture,-81.10563915,9.628684269,-17.77162366,4.220555399
Red-naped Ibis,100.5255096,46.60690794,-2.439848533,3.423051524
Red-necked Falcon,-64.58934214,12.97531627,-8.127361994,4.832669228
Red-rumped Swallow,-35.76519142,10.92112462,1.079815456,2.994610667
Red-tailed Minla,NA,NA,NA,NA
Red-vented Bulbul,13.68738554,8.770379671,-0.389445559,1.185877239
Red-wattled Lapwing,5.999759703,12.25566521,-2.953931186,1.716301467
Red-whiskered Bulbul,24.91653869,27.23022999,-0.058822255,3.590140051
Red Avadavat,41.37215915,39.92962913,-3.783751637,4.109122342
Red Collared-Dove,-54.33117243,11.08859897,-3.660840581,3.819621352
Red Junglefowl,-16.36415242,29.12194434,2.309657711,6.414148188
Red Spurfowl,-34.51953367,20.63088279,-3.126040427,4.883762442
Richard's Pipit,-93.48218105,7.160897218,-11.95683701,11.98305331
River Lapwing,-26.79432849,26.27050572,-3.015883176,5.902439611
River Tern,-41.21288222,13.431522,-5.239938812,3.352677677
Robin Accentor,NA,NA,-8.069682143,22.61104077
Rock Bunting,-28.01512401,57.14813573,0.295275266,15.39062464
Rock Bush-Quail,NA,NA,-7.472880225,7.52903849
Rock Pigeon,143.9681557,27.01840809,8.675199218,2.131361113
Rose-ringed Parakeet,18.93748971,13.27672105,1.243935563,1.891776567
Rosy Pipit,-36.92697717,122.5384812,6.55640314,43.57136986
Rosy Starling,171.2555439,80.96557079,9.906487184,6.011632465
Ruby-cheeked Sunbird,NA,NA,10.97445694,78.19756085
Ruddy-breasted Crake,NA,NA,1.640884557,8.58711359
Ruddy Shelduck,-0.908793756,65.31597961,-2.306987498,11.36083898
Ruddy Turnstone,NA,NA,-8.264662153,11.82129228
Ruff,-44.20096079,23.82858429,-2.201677691,7.055150117
Rufous-backed Sibia,NA,NA,NA,NA
Rufous-bellied Eagle,-38.42287462,32.88492728,-9.12975889,6.078788046
Rufous-bellied Niltava,-29.10505078,35.99149191,-12.4235657,5.446362368
Rufous-bellied Woodpecker,NA,NA,2.066229076,25.01567727
Rufous-breasted Accentor,-50.01190245,42.06875697,-7.671676939,11.83981015
Rufous-breasted Bush-Robin,NA,NA,NA,NA
Rufous-capped Babbler,NA,NA,-5.478652259,17.42754437
Rufous-chinned Laughingthrush,NA,NA,25.84796578,36.45329393
Rufous-fronted Prinia,-74.57393989,10.93857356,-9.922844803,5.216823706
Rufous-gorgeted Flycatcher,-52.02517337,38.49497845,-5.304361899,11.7732411
Rufous-necked Hornbill,NA,NA,12.05328694,26.42502461
Rufous-necked Laughingthrush,NA,NA,29.51068511,80.16333585
Rufous-tailed Lark,-67.58329388,8.816884421,-3.05072365,4.244698449
Rufous-throated Fulvetta,NA,NA,NA,NA
Rufous-throated Partridge,NA,NA,NA,NA
Rufous-throated Wren-Babbler,NA,NA,NA,NA
Rufous-vented Laughingthrush,NA,NA,NA,NA
Rufous-vented Prinia,NA,NA,NA,NA
Rufous-vented Tit,NA,NA,-3.165779743,24.20554019
Rufous-vented Yuhina,NA,NA,NA,NA
Rufous Babbler,-48.31929939,31.69185717,-12.33839434,6.50412163
Rufous Sibia,31.99936966,85.033126,3.658608503,12.5684709
Rufous Treepie,18.34515236,15.7583482,-2.472228747,2.139870698
Rufous Woodpecker,-42.11087507,18.18801014,-2.295460618,4.993493673
Russet Sparrow,27.45030631,70.2092068,-1.375190683,9.156910136
Rusty-bellied Shortwing,NA,NA,NA,NA
Rusty-cheeked Scimitar-Babbler,-4.710134229,58.46643431,8.832445638,13.70157507
Rusty-flanked Treecreeper,NA,NA,NA,NA
Rusty-fronted Barwing,NA,NA,-9.461823597,21.36939788
Rusty-tailed Flycatcher,-74.78777703,85.15668954,-10.97549311,41.27207491
Rusty-throated Wren-Babbler,NA,NA,NA,NA
Sand Lark,-53.57515121,26.16498256,6.223793018,11.97499773
Sanderling,NA,NA,-14.11212982,8.956199597
Sapphire Flycatcher,NA,NA,NA,NA
Sarus Crane,-49.85807901,20.5234341,-7.388347427,5.563071058
Satyr Tragopan,NA,NA,NA,NA
Scaly-bellied Woodpecker,NA,NA,-5.812784195,10.37662683
Scaly-breasted Cupwing,NA,NA,-4.294632017,120.5994603
Scaly-breasted Munia,49.63599127,27.62601885,-3.515204779,2.566392706
Scaly Laughingthrush,NA,NA,-2.276592635,21.27222052
Scaly Thrush,NA,NA,23.923375,40.50209677
Scarlet-backed Flowerpecker,-9.222973278,88.02947415,-14.59972858,10.15856109
Scarlet Finch,NA,NA,-2.356803177,48.78685487
Scarlet Minivet,-10.01217468,33.01144964,-3.405317147,5.504599432
Sclater's Monal,NA,NA,NA,NA
Shikra,16.87579495,14.15333705,-1.431080992,1.742987088
Short-billed Minivet,-56.81887005,73.53452816,0.417757474,31.20556336
Short-eared Owl,NA,NA,-9.404707996,12.95095686
Short-toed Snake-Eagle,-62.39976359,8.615313145,-8.898408695,2.939024505
Siberian Rubythroat,NA,NA,-14.15661197,12.67169784
Siberian Stonechat,-3.604050648,27.91949474,0.638585516,5.243237358
Sikkim Treecreeper,NA,NA,-2.355982282,15.2945555
Silver-eared Mesia,NA,NA,-12.53303623,31.36932766
Sind Sparrow,NA,NA,NA,NA
Singing Bushlark,NA,NA,-24.03389697,3.746918938
Sirkeer Malkoha,-70.92759378,9.386550168,-5.072348205,4.710563278
Slaty-backed Forktail,NA,NA,9.426111815,53.34880553
Slaty-bellied Tesia,NA,NA,-6.279228516,17.53896294
Slaty-blue Flycatcher,-44.66737182,42.76855039,-4.826350864,11.85117655
Slaty-breasted Rail,NA,NA,-6.366453763,10.93415039
Slaty-headed Parakeet,10.37819049,77.7807431,8.020456477,15.45866215
Slaty-legged Crake,NA,NA,NA,NA
Slender-billed Babbler,NA,NA,NA,NA
Slender-billed Gull,NA,NA,-1.027254033,16.21798727
Slender-billed Scimitar-Babbler,NA,NA,NA,NA
Slender-billed Vulture,NA,NA,NA,NA
Small Minivet,-58.46616621,8.013389988,-6.369592926,2.752332084
Small Niltava,23.37857212,85.65614,-0.618886872,12.10678732
Small Pratincole,-68.93316934,9.38143097,-4.23671904,4.801770953
Smoky Warbler,NA,NA,NA,NA
Snow Partridge,NA,NA,NA,NA
Snow Pigeon,NA,NA,10.14631804,24.33911365
Snowy-browed Flycatcher,NA,NA,-1.871725796,63.28681605
Snowy-throated Babbler,NA,NA,NA,NA
Sociable Lapwing,NA,NA,NA,NA
Southern Hill Myna,-53.19338101,34.32729059,-6.29339419,11.25396154
Speckled Piculet,-29.06963647,32.68403775,2.706118129,8.780384075
Speckled Wood-Pigeon,NA,NA,-12.72092975,26.1225774
Spectacled Finch,NA,NA,NA,NA
Spot-billed Pelican,147.1342332,131.0525645,-5.205033516,7.765206834
Spot-breasted Fantail,44.65647391,51.5238639,15.77735226,8.393654007
Spot-breasted Laughingthrush,NA,NA,NA,NA
Spot-breasted Scimitar-Babbler,NA,NA,NA,NA
Spot-winged Grosbeak,NA,NA,NA,NA
Spot-winged Rosefinch,NA,NA,NA,NA
Spot-winged Starling,NA,NA,NA,NA
Spotted Bush Warbler,NA,NA,NA,NA
Spotted Dove,17.16874474,15.22528549,-2.085838872,1.988433563
Spotted Forktail,-16.00162384,47.3213407,-3.701883116,8.441670488
Spotted Redshank,-57.59120467,33.40522819,2.978606763,15.36615373
Square-tailed Bulbul,-73.72585774,13.08624455,-6.033059576,7.227043994
Square-tailed Drongo-Cuckoo,NA,NA,1.509636706,30.15778154
Steppe Eagle,-17.93073731,45.19064596,-7.288500283,7.525436475
Stork-billed Kingfisher,-8.833014022,32.42036734,-4.298681099,5.318195605
Streak-breasted Scimitar-Babbler,NA,NA,5.848616659,31.72789952
Streak-throated Barwing,NA,NA,12.5761706,34.9933643
Streak-throated Swallow,-22.59055426,20.31748146,7.156680582,5.331043552
Streak-throated Woodpecker,29.08189506,56.47314094,-6.170526005,5.814103749
Streaked Laughingthrush,27.12952804,86.41289231,0.691449421,11.80412427
Streaked Spiderhunter,-28.93973425,66.32097464,0.048715659,17.83842231
Streaked Weaver,-38.7404477,27.80723931,-10.50417621,5.211047292
Striated Babbler,NA,NA,1.477349134,10.07941319
Striated Bulbul,NA,NA,-4.865197776,25.3389145
Striated Grassbird,NA,NA,-9.628400684,8.905030831
Striated Heron,-17.56365201,21.29568597,-1.856344627,4.209168059
Striated Laughingthrush,-7.421230033,60.9817198,-5.751814912,8.818980606
Striated Prinia,-31.39562404,42.18526481,9.677512773,13.50045125
Striated Yuhina,NA,NA,NA,NA
Stripe-throated Yuhina,NA,NA,-5.560942067,83.74237306
Striped Laughingthrush,NA,NA,NA,NA
Sulphur-bellied Warbler,-57.95428625,77.78715052,1.69440157,34.58131915
Sultan Tit,NA,NA,2.172221199,55.78209265
Swamp Francolin,NA,NA,NA,NA
Swamp Prinia,NA,NA,NA,NA
Sykes's Short-toed Lark,NA,NA,NA,NA
Sykes's Warbler,NA,NA,NA,NA
Taiga Flycatcher,NA,NA,NA,NA
Tawny-bellied Babbler,-42.29245765,16.08116784,-0.087947944,4.78546296
Tawny-breasted Wren-Babbler,NA,NA,NA,NA
Tawny Eagle,-75.2376283,10.15804839,-13.02718645,4.507116842
Tawny Lark,NA,NA,-5.178170883,6.819303732
Tawny Pipit,-69.75499277,25.56572139,-2.236819299,14.10193829
Temminck's Stint,-61.94188065,12.46365907,3.658857933,6.694403282
Terek Sandpiper,NA,NA,-8.201295182,21.21160859
Thick-billed Flowerpecker,-53.72297315,11.72817863,-1.145892688,4.313168324
Thick-billed Warbler,NA,NA,-4.958077173,10.2423579
Tibetan Blackbird,NA,NA,NA,NA
Tibetan Sandgrouse,NA,NA,NA,NA
Tickell's Blue Flycatcher,-5.920074038,23.71565518,2.916537171,4.803873533
Tickell's Leaf Warbler,-58.19379719,41.03153609,-2.666037441,16.36466644
Tickell's Thrush,-48.15272921,64.83946431,0.633036849,24.24048728
Tree Pipit,-50.48980175,73.04767642,5.820917845,32.00670844
Tricolored Munia,5.852769767,30.34993198,-7.289224324,3.729070914
Tufted Duck,-68.36390607,56.45748087,-4.293357606,28.20570327
Tytler's Leaf Warbler,NA,NA,-5.119642874,59.3941213
Ultramarine Flycatcher,-31.00748865,36.85065313,-0.933982617,9.330842399
Upland Pipit,NA,NA,NA,NA
Variable Wheatear,-58.42839568,59.90531637,-7.753292825,19.94760255
Variegated Laughingthrush,NA,NA,-8.837728964,14.694153
Velvet-fronted Nuthatch,-62.03604562,12.71760745,-5.540512836,4.754478581
Verditer Flycatcher,1.284337806,31.58249918,0.955545011,5.567790484
Vernal Hanging-Parrot,-40.03309584,31.75085329,3.99292685,10.96134736
Vigors's Sunbird,NA,NA,3.541182334,16.4394335
Wallcreeper,-23.03989437,343.9793262,-2.971369065,78.56759649
Ward's Trogon,NA,NA,NA,NA
Watercock,NA,NA,-12.32233803,7.713744485
Wedge-tailed Pigeon,NA,NA,3.826539854,13.18824926
West Himalayan Bush Warbler,NA,NA,NA,NA
Western Crowned Warbler,-73.16810773,20.54345429,3.944375775,16.12427603
Western Reef-Heron,-39.87703236,35.74616312,-4.932275789,9.05595948
Western Tragopan,NA,NA,NA,NA
Western Yellow Wagtail,-28.2877013,16.12466794,-0.451225185,3.741949546
Whimbrel,-78.93920361,16.8159096,-2.765751204,13.14180589
Whiskered Tern,-51.32306749,15.02628821,-11.25310227,3.387230038
Whiskered Yuhina,9.262860414,59.32629557,-3.536147981,8.243244224
Whistler's Warbler,22.17579445,141.2158009,-10.19056948,14.90596634
White-bellied Blue Flycatcher,-83.24509752,8.066862125,-1.900021284,8.039347728
White-bellied Drongo,-30.747967,18.43612592,-7.781276574,3.467553195
White-bellied Erpornis,NA,NA,5.360738732,27.78823151
White-bellied Heron,NA,NA,NA,NA
White-bellied Minivet,NA,NA,-8.35519563,9.553144825
White-bellied Sea-Eagle,-72.58759066,20.29117402,-5.892881365,10.98211047
White-bellied Sholakili,-12.30086598,167.6713653,1.083405761,28.8849099
White-bellied Treepie,-70.09488228,22.06939501,-6.656399913,10.55912865
White-bellied Woodpecker,-55.57558469,26.61878282,-2.22708768,9.648008577
White-breasted Parrotbill,NA,NA,NA,NA
White-breasted Waterhen,37.14136011,19.7586583,-0.884513671,2.286521831
White-browed Bulbul,-10.60378995,26.46996662,-0.347696692,5.159491128
White-browed Bushchat,NA,NA,NA,NA
White-browed Fantail,-32.99522586,18.51417335,-3.756847496,4.251448393
White-browed Fulvetta,NA,NA,NA,NA
White-browed Piculet,NA,NA,-5.331480439,32.06954784
White-browed Scimitar-Babbler,NA,NA,-2.281625954,10.98993452
White-browed Wagtail,-39.11910635,9.79227013,-5.129920498,2.325560945
White-capped Redstart,-28.76865398,30.93031554,-3.673366104,6.780992894
White-cheeked Barbet,12.2681351,60.99111496,3.749908814,10.68928402
White-cheeked Nuthatch,NA,NA,NA,NA
White-cheeked Partridge,NA,NA,NA,NA
White-collared Blackbird,NA,NA,1.935522755,43.565263
White-crested Laughingthrush,-19.31886571,47.44046954,4.491211957,11.41405274
White-eared Bulbul,-10.11127368,38.48552611,-1.626700411,7.664482185
White-eyed Buzzard,-13.23041192,22.27572119,-9.249643576,3.063148923
White-gorgeted Flycatcher,NA,NA,NA,NA
White-headed Starling,NA,NA,-2.869380463,7.938933694
White-hooded Babbler,NA,NA,-6.809824779,17.43524739
White-naped Tit,NA,NA,NA,NA
White-naped Woodpecker,-39.81423108,23.45848032,-3.442508626,6.012652958
White-naped Yuhina,NA,NA,NA,NA
White-rumped Munia,-17.76643412,22.82824832,-7.619514642,3.457395818
White-rumped Needletail,-76.5324056,11.24136429,-6.188194956,6.712704169
White-rumped Shama,-12.6062288,32.03419592,-1.955349952,6.102182176
White-rumped Vulture,-97.04088694,0.914415323,-17.69339458,3.03821425
White-spectacled Warbler,NA,NA,-11.05024083,36.78971312
White-tailed Iora,NA,NA,-2.874465158,15.15888107
White-tailed Lapwing,-51.38309004,31.23613094,-11.08282438,7.669725652
White-tailed Nuthatch,-53.23381609,30.48266845,-2.701978026,10.12113388
White-tailed Robin,NA,NA,-19.82848114,8.647912109
White-throated Bulbul,-24.75450771,210.9912535,10.11379222,70.22954485
White-throated Bushchat,NA,NA,NA,NA
White-throated Fantail,52.21668645,56.83352418,1.694773995,6.492145815
White-throated Kingfisher,28.19945049,12.18926294,-2.72213848,1.34843915
White-throated Laughingthrush,-4.674085273,68.33703418,-1.38508958,11.7395982
White-throated Tit,NA,NA,NA,NA
White-winged Duck,NA,NA,NA,NA
White-winged Redstart,NA,NA,-16.44867282,12.77673657
White Wagtail,-47.06335573,13.83235471,-1.341661526,4.567019179
Wire-tailed Swallow,-5.905611961,20.40403667,-0.120051933,3.694004333
Wood Sandpiper,-31.70956198,14.19325698,-4.418328437,3.038359756
Woolly-necked Stork,-23.95399251,18.09461863,-6.175584738,3.531689873
Wreathed Hornbill,NA,NA,NA,NA
Wynaad Laughingthrush,NA,NA,NA,NA
Yellow-bellied Fairy-Fantail,-40.25525214,33.37008886,-2.535759983,9.612013952
Yellow-bellied Prinia,NA,NA,-3.131457312,9.901529767
Yellow-bellied Warbler,NA,NA,5.274945368,37.77448186
Yellow-billed Babbler,-0.352990609,32.61047829,2.133517192,6.206460754
Yellow-billed Blue-Magpie,21.93399766,87.27951125,-1.379887049,12.1370772
Yellow-billed Chough,NA,NA,1.851267356,16.8026795
Yellow-breasted Bunting,NA,NA,NA,NA
Yellow-breasted Greenfinch,-52.74710577,26.18776348,-6.246645213,7.859538342
Yellow-browed Bulbul,-77.79295238,14.55160702,-5.759438926,9.918221604
Yellow-browed Tit,-63.51946267,35.24199763,-0.492114781,16.3763536
Yellow-browed Warbler,NA,NA,-16.02066191,8.595259779
Yellow-cheeked Tit,NA,NA,-2.681045141,24.88148659
Yellow-crowned Woodpecker,-72.09865937,7.611659223,-6.19090651,3.926039419
Yellow-eyed Babbler,-6.638798246,22.01660969,-4.906802934,3.280622685
Yellow-footed Pigeon,74.66470985,41.49256174,2.331911583,4.093516921
Yellow-legged Buttonquail,NA,NA,NA,NA
Yellow-rumped Honeyguide,NA,NA,NA,NA
Yellow-throated Bulbul,NA,NA,-11.2133699,9.751705827
Yellow-throated Fulvetta,NA,NA,NA,NA
Yellow-throated Laughingthrush,NA,NA,NA,NA
Yellow-vented Warbler,NA,NA,NA,NA
Yellow-wattled Lapwing,-47.44415,10.86955166,-5.900961071,2.916142213
Yellow Bittern,-3.199790882,33.13016801,-2.336592149,5.182507502
Yellow Weaver,NA,NA,NA,NA
Zitting Cisticola,-15.2197931,18.91892395,-5.027236629,3.141119104
